{"cameraMode":{"drawMode":0,"name":"Shaded","section":"Shading Mode"},"sceneLighting":false,"audioPlay":false,"sceneViewState":{"showFog":false,"showMaterialUpdate":false,"showSkybox":false,"showFlares":false,"showImageEffects":false,"showParticleSystems":true},"in2DMode":false,"pivot":{"x":-0.0031275025103241207,"y":0.002182210795581341,"z":-0.03389851003885269},"rotation":{"x":0.014923961833119393,"y":-0.9848185777664185,"z":-0.11036524176597595,"w":-0.13315099477767945},"size":0.006734696216881275,"orthographic":true}