{"cameraMode":{"drawMode":0,"name":"Shaded","section":"Shading Mode"},"sceneLighting":false,"audioPlay":false,"sceneViewState":{"showFog":false,"showMaterialUpdate":false,"showSkybox":false,"showFlares":false,"showImageEffects":false,"showParticleSystems":true},"in2DMode":false,"pivot":{"x":0.0167236328125,"y":-0.0038909912109375,"z":0.0013427734375},"rotation":{"x":0.069933220744133,"y":0.8006024360656738,"z":-0.09532035142183304,"w":0.5874173641204834},"size":0.017007460817694665,"orthographic":true}