{"cameraMode":{"drawMode":0,"name":"Shaded","section":"Shading Mode"},"sceneLighting":false,"audioPlay":false,"sceneViewState":{"showFog":false,"showMaterialUpdate":false,"showSkybox":true,"showFlares":false,"showImageEffects":false,"showParticleSystems":true},"in2DMode":false,"pivot":{"x":-0.0005498379468917847,"y":-0.2172287106513977,"z":0.024612143635749818},"rotation":{"x":-0.08386976271867752,"y":0.896294355392456,"z":-0.19244484603405,"w":-0.39062434434890749},"size":0.2519744336605072,"orthographic":true}