{"cameraMode":{"drawMode":0,"name":"Shaded","section":"Shading Mode"},"sceneLighting":false,"audioPlay":false,"sceneViewState":{"showFog":false,"showMaterialUpdate":false,"showSkybox":true,"showFlares":false,"showImageEffects":false,"showParticleSystems":true},"in2DMode":false,"pivot":{"x":-0.004532270133495331,"y":0.7228813171386719,"z":0.1130945086479187},"rotation":{"x":0.2661879062652588,"y":0.2950102388858795,"z":-0.08593861013650894,"w":0.9136342406272888},"size":0.020844390615820886,"orthographic":true}