{"cameraMode":{"drawMode":0,"name":"Shaded","section":"Shading Mode"},"sceneLighting":true,"audioPlay":false,"sceneViewState":{"showFog":false,"showMaterialUpdate":false,"showSkybox":true,"showFlares":false,"showImageEffects":false,"showParticleSystems":true},"in2DMode":false,"pivot":{"x":95.7490234375,"y":163.87118530273438,"z":115.3062744140625},"rotation":{"x":-0.09192035347223282,"y":0.5643128156661987,"z":-0.06340088695287705,"w":-0.8179743885993958},"size":458.9700622558594,"orthographic":true}