{"cameraMode":{"drawMode":0,"name":"Shaded","section":"Shading Mode"},"sceneLighting":false,"audioPlay":false,"sceneViewState":{"showFog":false,"showMaterialUpdate":false,"showSkybox":true,"showFlares":false,"showImageEffects":false,"showParticleSystems":true},"in2DMode":false,"pivot":{"x":-0.03074999898672104,"y":-0.1601799577474594,"z":0.16975998878479005},"rotation":{"x":-0.24779529869556428,"y":-0.47587165236473086,"z":0.14174720644950868,"w":-0.8318963050842285},"size":1.2714471817016602,"orthographic":false}