{"cameraMode":{"drawMode":1,"name":"Wireframe","section":"Shading Mode"},"sceneLighting":true,"audioPlay":false,"sceneViewState":{"showFog":false,"showMaterialUpdate":false,"showSkybox":true,"showFlares":false,"showImageEffects":false,"showParticleSystems":true},"in2DMode":false,"pivot":{"x":0.11248779296875,"y":0.1812744140625,"z":0.125244140625},"rotation":{"x":0.017386868596076967,"y":0.9434395432472229,"z":-0.32726696133613589,"w":0.05015892535448074},"size":0.9758589267730713,"orthographic":true}