{"cameraMode":{"drawMode":0,"name":"Shaded","section":"Shading Mode"},"sceneLighting":true,"audioPlay":false,"sceneViewState":{"showFog":false,"showMaterialUpdate":false,"showSkybox":true,"showFlares":false,"showImageEffects":false,"showParticleSystems":true},"in2DMode":false,"pivot":{"x":-1.2841997146606446,"y":-1.1350209712982178,"z":9.845870018005371},"rotation":{"x":-0.05302361771464348,"y":0.04460839927196503,"z":0.0023626629263162615,"w":0.9975936412811279},"size":0.4217941462993622,"orthographic":true}