{"cameraMode":{"drawMode":0,"name":"Shaded","section":"Shading Mode"},"sceneLighting":false,"audioPlay":false,"sceneViewState":{"showFog":false,"showMaterialUpdate":false,"showSkybox":true,"showFlares":false,"showImageEffects":false,"showParticleSystems":true},"in2DMode":false,"pivot":{"x":-0.00628662109375,"y":0.007843017578125,"z":-0.004669189453125},"rotation":{"x":0.05248477682471275,"y":-0.8567765355110169,"z":0.08899221569299698,"w":0.5052323937416077},"size":0.0329337976872921,"orthographic":true}