{"cameraMode":{"drawMode":0,"name":"Shaded","section":"Shading Mode"},"sceneLighting":false,"audioPlay":false,"sceneViewState":{"showFog":false,"showMaterialUpdate":false,"showSkybox":true,"showFlares":false,"showImageEffects":false,"showParticleSystems":true},"in2DMode":false,"pivot":{"x":0.0014270544052124024,"y":-0.018051542341709138,"z":0.0016976987244561315},"rotation":{"x":0.2643052935600281,"y":-0.12971358001232148,"z":0.03589937463402748,"w":0.9550017714500427},"size":0.2094663381576538,"orthographic":false}