{"cameraMode":{"drawMode":0,"name":"Shaded","section":"Shading Mode"},"sceneLighting":false,"audioPlay":false,"sceneViewState":{"showFog":false,"showMaterialUpdate":false,"showSkybox":true,"showFlares":false,"showImageEffects":false,"showParticleSystems":true},"in2DMode":false,"pivot":{"x":-0.004532270133495331,"y":0.7229806780815125,"z":0.1130945086479187},"rotation":{"x":0.3256720006465912,"y":0.3307850658893585,"z":-0.12281092256307602,"w":0.8771752715110779},"size":0.030670052394270898,"orthographic":true}