{"cameraMode":{"drawMode":0,"name":"Shaded","section":"Shading Mode"},"sceneLighting":false,"audioPlay":false,"sceneViewState":{"showFog":false,"showMaterialUpdate":false,"showSkybox":true,"showFlares":false,"showImageEffects":false,"showParticleSystems":true},"in2DMode":false,"pivot":{"x":-0.14364060759544373,"y":1.1209125518798829,"z":-0.46361470222473147},"rotation":{"x":0.10190213471651077,"y":0.8683542609214783,"z":-0.20011715590953828,"w":0.4421877861022949},"size":0.6953333020210266,"orthographic":true}