{"cameraMode":{"drawMode":0,"name":"Shaded","section":"Shading Mode"},"sceneLighting":true,"audioPlay":false,"sceneViewState":{"showFog":false,"showMaterialUpdate":false,"showSkybox":true,"showFlares":false,"showImageEffects":false,"showParticleSystems":true},"in2DMode":false,"pivot":{"x":-1.2940764427185059,"y":-1.156874179840088,"z":9.81942367553711},"rotation":{"x":0.053195878863334659,"y":0.8494351506233215,"z":-0.0868111103773117,"w":0.5177780389785767},"size":0.030353419482707979,"orthographic":true}