{"cameraMode":{"drawMode":0,"name":"Shaded","section":"Shading Mode"},"sceneLighting":false,"audioPlay":false,"sceneViewState":{"showFog":false,"showMaterialUpdate":false,"showSkybox":true,"showFlares":false,"showImageEffects":false,"showParticleSystems":true},"in2DMode":false,"pivot":{"x":0.0003593920264393091,"y":-0.00008745561353862286,"z":0.00018532946705818176},"rotation":{"x":0.17747201025485993,"y":0.44882455468177798,"z":-0.09145240485668183,"w":0.8710319995880127},"size":0.1290876269340515,"orthographic":true}