{"cameraMode":{"drawMode":0,"name":"Shaded","section":"Shading Mode"},"sceneLighting":false,"audioPlay":false,"sceneViewState":{"showFog":false,"showMaterialUpdate":false,"showSkybox":true,"showFlares":false,"showImageEffects":false,"showParticleSystems":true},"in2DMode":false,"pivot":{"x":-0.0003074999840464443,"y":-0.001601799507625401,"z":0.0016975998878479004},"rotation":{"x":-0.24779529869556428,"y":-0.47587165236473086,"z":0.14174720644950868,"w":-0.8318963050842285},"size":0.000714471098035574,"orthographic":false}