{"cameraMode":{"drawMode":0,"name":"Shaded","section":"Shading Mode"},"sceneLighting":false,"audioPlay":false,"sceneViewState":{"showFog":false,"showMaterialUpdate":false,"showSkybox":true,"showFlares":false,"showImageEffects":false,"showParticleSystems":true},"in2DMode":false,"pivot":{"x":-0.3624267578125,"y":1.0167694091796876,"z":0.0406494140625},"rotation":{"x":0.025070343166589738,"y":0.18252356350421906,"z":-0.004644903354346752,"w":0.9828708171844482},"size":0.028931789100170137,"orthographic":true}