{"cameraMode":{"drawMode":0,"name":"Shaded","section":"Shading Mode"},"sceneLighting":true,"audioPlay":false,"sceneViewState":{"showFog":false,"showMaterialUpdate":false,"showSkybox":true,"showFlares":false,"showImageEffects":false,"showParticleSystems":true},"in2DMode":false,"pivot":{"x":-0.000292021781206131,"y":-1.862645149230957e-9,"z":-0.007717807311564684},"rotation":{"x":-0.3211427628993988,"y":-0.31215232610702517,"z":0.11302900314331055,"w":-0.8869343996047974},"size":4.638050079345703,"orthographic":true}