{"cameraMode":{"drawMode":0,"name":"Shaded","section":"Shading Mode"},"sceneLighting":false,"audioPlay":false,"sceneViewState":{"showFog":false,"showMaterialUpdate":false,"showSkybox":false,"showFlares":false,"showImageEffects":false,"showParticleSystems":true},"in2DMode":false,"pivot":{"x":-0.0031275025103241207,"y":0.002182210795581341,"z":-0.03389851003885269},"rotation":{"x":0.15249045193195344,"y":-0.8154799342155457,"z":-0.2487768530845642,"w":-0.4998493194580078},"size":0.006734696216881275,"orthographic":true}