{"cameraMode":{"drawMode":0,"name":"Shaded","section":"Shading Mode"},"sceneLighting":true,"audioPlay":false,"sceneViewState":{"showFog":false,"showMaterialUpdate":false,"showSkybox":true,"showFlares":false,"showImageEffects":false,"showParticleSystems":true},"in2DMode":false,"pivot":{"x":0.011621927842497826,"y":0.011968499980866909,"z":-0.03896395117044449},"rotation":{"x":-0.13868547976016999,"y":-0.5234068632125855,"z":0.08689388632774353,"w":-0.8362183570861816},"size":0.009445663541555405,"orthographic":true}