{"cameraMode":{"drawMode":0,"name":"Shaded","section":"Shading Mode"},"sceneLighting":true,"audioPlay":false,"sceneViewState":{"showFog":false,"showMaterialUpdate":false,"showSkybox":true,"showFlares":false,"showImageEffects":false,"showParticleSystems":true},"in2DMode":false,"pivot":{"x":-0.0016131671145558358,"y":0.0018610002007335425,"z":-0.04378499835729599},"rotation":{"x":0.152422234416008,"y":-0.5705461502075195,"z":0.10883091390132904,"w":0.7996252179145813},"size":0.0032645983155816795,"orthographic":true}