{"cameraMode":{"drawMode":0,"name":"Shaded","section":"Shading Mode"},"sceneLighting":false,"audioPlay":false,"sceneViewState":{"showFog":false,"showMaterialUpdate":false,"showSkybox":true,"showFlares":false,"showImageEffects":false,"showParticleSystems":true},"in2DMode":false,"pivot":{"x":-0.0205230712890625,"y":0.00347900390625,"z":0.0205078125},"rotation":{"x":-0.1262689083814621,"y":-0.06690594553947449,"z":0.00853856559842825,"w":-0.9897003769874573},"size":0.0907677412033081,"orthographic":true}