{"cameraMode":{"drawMode":1,"name":"Wireframe","section":"Shading Mode"},"sceneLighting":true,"audioPlay":false,"sceneViewState":{"showFog":false,"showMaterialUpdate":false,"showSkybox":true,"showFlares":false,"showImageEffects":false,"showParticleSystems":true},"in2DMode":false,"pivot":{"x":1.36962890625,"y":0.15576171875,"z":-1.66552734375},"rotation":{"x":0.3802271783351898,"y":0.26824909448623659,"z":-0.11624304205179215,"w":0.8774721622467041},"size":4.3683366775512699,"orthographic":true}