{"cameraMode":{"drawMode":0,"name":"Shaded","section":"Shading Mode"},"sceneLighting":false,"audioPlay":false,"sceneViewState":{"showFog":false,"showMaterialUpdate":false,"showSkybox":true,"showFlares":false,"showImageEffects":false,"showParticleSystems":true},"in2DMode":false,"pivot":{"x":-0.00033533573150634766,"y":-0.0205078125,"z":-0.01763916015625},"rotation":{"x":-0.07263409346342087,"y":0.9134055972099304,"z":-0.1875440925359726,"w":-0.35389506816864016},"size":0.11543776839971543,"orthographic":true}