{"cameraMode":{"drawMode":1,"name":"Wireframe","section":"Shading Mode"},"sceneLighting":false,"audioPlay":false,"sceneViewState":{"showFog":false,"showMaterialUpdate":false,"showSkybox":true,"showFlares":false,"showImageEffects":false,"showParticleSystems":true},"in2DMode":false,"pivot":{"x":0.0000848141498863697,"y":-0.00863645039498806,"z":0.000005063135176897049},"rotation":{"x":0.10165631771087647,"y":0.3306078016757965,"z":-0.035845428705215457,"w":0.9375925064086914},"size":0.08927226066589356,"orthographic":false}