{"cameraMode":{"drawMode":0,"name":"Shaded","section":"Shading Mode"},"sceneLighting":false,"audioPlay":false,"sceneViewState":{"showFog":false,"showMaterialUpdate":false,"showSkybox":true,"showFlares":false,"showImageEffects":false,"showParticleSystems":true},"in2DMode":false,"pivot":{"x":-0.0175582617521286,"y":0.0024708956480026247,"z":0.006505463272333145},"rotation":{"x":0.2294350266456604,"y":-0.7031456828117371,"z":0.2598617672920227,"w":0.6208201050758362},"size":0.3060322403907776,"orthographic":false}