{"cameraMode":{"drawMode":0,"name":"Shaded","section":"Shading Mode"},"sceneLighting":true,"audioPlay":false,"sceneViewState":{"showFog":false,"showMaterialUpdate":false,"showSkybox":true,"showFlares":false,"showImageEffects":false,"showParticleSystems":true},"in2DMode":false,"pivot":{"x":7.364953994750977,"y":-3.1725895404815676,"z":5.363459587097168},"rotation":{"x":0.054702818393707278,"y":-0.721550703048706,"z":0.05755748599767685,"w":0.6877931356430054},"size":0.007526159752160311,"orthographic":true}