{"cameraMode":{"drawMode":0,"name":"Shaded","section":"Shading Mode"},"sceneLighting":false,"audioPlay":false,"sceneViewState":{"showFog":false,"showMaterialUpdate":false,"showSkybox":true,"showFlares":false,"showImageEffects":false,"showParticleSystems":true},"in2DMode":false,"pivot":{"x":0.0,"y":0.000004976987838745117,"z":95.19999694824219},"rotation":{"x":-0.10329695791006088,"y":-0.7145184278488159,"z":0.10798857361078263,"w":-0.6834703683853149},"size":1.801376223564148,"orthographic":true}