{"cameraMode":{"drawMode":0,"name":"Shaded","section":"Shading Mode"},"sceneLighting":false,"audioPlay":false,"sceneViewState":{"showFog":false,"showMaterialUpdate":false,"showSkybox":true,"showFlares":false,"showImageEffects":false,"showParticleSystems":true},"in2DMode":false,"pivot":{"x":-0.36163330078125,"y":1.00103759765625,"z":0.0438232421875},"rotation":{"x":-0.22124959528446198,"y":-0.34066879749298098,"z":0.08282674849033356,"w":-0.9100182056427002},"size":0.010363946668803692,"orthographic":true}