{"cameraMode":{"drawMode":0,"name":"Shaded","section":"Shading Mode"},"sceneLighting":false,"audioPlay":false,"sceneViewState":{"showFog":false,"showMaterialUpdate":false,"showSkybox":true,"showFlares":false,"showImageEffects":false,"showParticleSystems":true},"in2DMode":false,"pivot":{"x":-0.06609997153282166,"y":-0.0000589592382311821,"z":-4.656612873077393e-10},"rotation":{"x":0.04056447744369507,"y":-0.9593090415000916,"z":0.18947231769561768,"w":0.20538008213043214},"size":0.015607946552336216,"orthographic":true}