{"cameraMode":{"drawMode":0,"name":"Shaded","section":"Shading Mode"},"sceneLighting":false,"audioPlay":false,"sceneViewState":{"showFog":false,"showMaterialUpdate":false,"showSkybox":true,"showFlares":false,"showImageEffects":false,"showParticleSystems":true},"in2DMode":false,"pivot":{"x":0.044189453125,"y":-0.0059661865234375,"z":-0.05376434326171875},"rotation":{"x":0.09094488620758057,"y":0.7369203567504883,"z":-0.10122181475162506,"w":0.6621416807174683},"size":0.038726773113012317,"orthographic":true}