{"cameraMode":{"drawMode":0,"name":"Shaded","section":"Shading Mode"},"sceneLighting":true,"audioPlay":false,"sceneViewState":{"showFog":false,"showMaterialUpdate":false,"showSkybox":true,"showFlares":false,"showImageEffects":false,"showParticleSystems":true},"in2DMode":false,"pivot":{"x":1.2000000476837159,"y":1.399999976158142,"z":2.9802322387695315e-8},"rotation":{"x":-0.17890635132789613,"y":0.10398665815591812,"z":-0.019006937742233278,"w":-0.9781708121299744},"size":1.7318772077560425,"orthographic":true}