{"cameraMode":{"drawMode":1,"name":"Wireframe","section":"Shading Mode"},"sceneLighting":false,"audioPlay":false,"sceneViewState":{"showFog":false,"showMaterialUpdate":false,"showSkybox":true,"showFlares":false,"showImageEffects":false,"showParticleSystems":true},"in2DMode":false,"pivot":{"x":-0.0005035400390625,"y":0.011199951171875,"z":0.00286865234375},"rotation":{"x":0.09869709610939026,"y":-0.05278518795967102,"z":0.005269097629934549,"w":0.9937025904655457},"size":0.037598442286252978,"orthographic":true}