{"cameraMode":{"drawMode":0,"name":"Shaded","section":"Shading Mode"},"sceneLighting":false,"audioPlay":false,"sceneViewState":{"showFog":false,"showMaterialUpdate":false,"showSkybox":true,"showFlares":false,"showImageEffects":false,"showParticleSystems":true},"in2DMode":false,"pivot":{"x":0.044189453125,"y":-0.0059661865234375,"z":-0.05376434326171875},"rotation":{"x":0.06043705716729164,"y":0.7267853617668152,"z":-0.06449179351329804,"w":0.6811543703079224},"size":0.02605941891670227,"orthographic":true}