{"cameraMode":{"drawMode":0,"name":"Shaded","section":"Shading Mode"},"sceneLighting":false,"audioPlay":false,"sceneViewState":{"showFog":false,"showMaterialUpdate":false,"showSkybox":true,"showFlares":false,"showImageEffects":false,"showParticleSystems":true},"in2DMode":false,"pivot":{"x":0.0007577794604003429,"y":0.021637115627527238,"z":0.0015633124858140946},"rotation":{"x":0.042321909219026569,"y":0.822853147983551,"z":-0.06183409318327904,"w":0.5632921457290649},"size":0.016580654308199884,"orthographic":true}