{"cameraMode":{"drawMode":0,"name":"Shaded","section":"Shading Mode"},"sceneLighting":false,"audioPlay":false,"sceneViewState":{"showFog":false,"showMaterialUpdate":false,"showSkybox":false,"showFlares":false,"showImageEffects":false,"showParticleSystems":true},"in2DMode":false,"pivot":{"x":-0.0031275025103241207,"y":0.002182210795581341,"z":-0.03389851003885269},"rotation":{"x":-0.4070214629173279,"y":-0.5904870629310608,"z":0.4563022255897522,"w":-0.526732325553894},"size":0.006734696216881275,"orthographic":true}