{"cameraMode":{"drawMode":0,"name":"Shaded","section":"Shading Mode"},"sceneLighting":true,"audioPlay":false,"sceneViewState":{"showFog":false,"showMaterialUpdate":false,"showSkybox":true,"showFlares":false,"showImageEffects":false,"showParticleSystems":true},"in2DMode":false,"pivot":{"x":0.5746999979019165,"y":0.9907999634742737,"z":-2.8652000427246095},"rotation":{"x":0.3649088442325592,"y":0.6293285489082336,"z":-0.42860841751098635,"w":0.5358003377914429},"size":1.199747085571289,"orthographic":true}