{"cameraMode":{"drawMode":0,"name":"Shaded","section":"Shading Mode"},"sceneLighting":true,"audioPlay":false,"sceneViewState":{"showFog":false,"showMaterialUpdate":false,"showSkybox":true,"showFlares":false,"showImageEffects":false,"showParticleSystems":true},"in2DMode":false,"pivot":{"x":0.25048828125,"y":1.528564453125,"z":-0.365478515625},"rotation":{"x":0.10190213471651077,"y":0.8683542609214783,"z":-0.20011715590953828,"w":0.4421877861022949},"size":2.6303040981292726,"orthographic":true}